Seconds,Amps,Volts,Ah
0.0,-0.0018900683770157883,4.382983515063757,0.0
141.541340122596,-0.001888625549168019,4.379504643661335,7.428352808683258e-05
283.082680245192,-0.0018917203248020773,4.376039185144949,0.00014859953102136503
424.62402036778803,-0.0018908312387981186,4.3725865241952855,0.00022295889454842371
566.1653604903695,-0.0018895237201575017,4.369150548709186,0.0002972750760803153
707.7067006129655,-0.001890494746448034,4.365729422820758,0.0003715846426707997
849.2480407355615,-0.00189225221469717,4.362320255766626,0.0004459478474242995
990.7893808581575,-0.0018918991248998548,4.3589241337936695,0.0005203386601789206
1132.3307209807535,-0.0018893977809749211,4.3555447401451834,0.0005946733589926659
1273.8720611033496,-0.00188916196204916,4.352181808198729,0.0006689542492372344
1415.413401225931,-0.0018897228769739183,4.348832468800435,0.0007432415303878226
1556.954741348527,-0.0018867172506303617,4.345499035099923,0.0008174807521314151
1698.496081471123,-0.0018913765349227044,4.342177755007425,0.0008917524823419745
1840.037421593719,-0.0019013641578388334,4.338857163402984,0.0009663121490629464
1981.578761716315,-0.0018903431680816125,4.335550930135261,0.0010408515013217573
2123.120101838911,-0.0018903557295197816,4.33226755813865,0.0011151744441782185
2264.6614419614925,-0.001890110385857301,4.32899749952055,0.0011894928108807934
2406.2027820840885,-0.0018897212112845981,4.325740966845203,0.0012637987038942866
2547.7441222066846,-0.001889590656714551,4.32249772490443,0.0013380943798023195
2689.2854623292806,-0.001890292709875225,4.319266707136499,0.0014124012905265132
2830.8268024518766,-0.0018900985787842128,4.316047842909148,0.0014867181862466064
2972.368142574458,-0.0018893838441674667,4.312842206175192,0.0015610172150124849
3113.909482697054,-0.0018880265888682655,4.309650638493519,0.0016352755115242798
3255.45082281965,-0.0018912536355353059,4.306469678145041,0.001709570565366074
3396.992162942246,-0.0019285276276195175,4.3032668826311715,0.0017846618096663616
3538.5335030648275,-0.0019642097859404266,4.300015450694406,0.0018611872638692184
3680.0748431874235,-0.0017436759810945228,4.29693005473518,0.0019340788083813953
3821.6161833100196,-0.0018886352979385057,4.293918434823669,0.002005484670350388
3963.1575234326156,-0.0021330617376619683,4.290596398847109,0.0020845452797928904
4104.698863555212,-0.001959819932275107,4.287228817886018,0.002165005273754843
4246.240203677808,-0.0016507240595360936,4.2842690690898015,0.0022359832230843674
4387.781543800389,-0.0016186478386964855,4.281597768553429,0.002300254234172551
4529.322883922985,-0.0019205861076250549,4.278715268782365,0.00236983033358501
4670.864224045581,-0.0021852946415195354,4.2753832403234,0.0024505458701985575
4812.405564168177,-0.002153960171306238,4.271875622654752,0.0025358491953847775
4953.946904290773,-0.001889252281984898,4.268619902182112,0.002615332766084673
5095.488244413369,-0.0016417024747374632,4.2657864761079765,0.002684746108887276
5237.029584535958,-0.001680647291234619,4.26312869665635,0.0027500585864194543
5378.570924658554,-0.001879103528680948,4.260289778462749,0.0028200380171907527
5520.112264781143,-0.0019444635777919812,4.2572504555831845,0.0028952036855655894
5661.653604903739,-0.001900821871724794,4.254204171056055,0.0029707963044098354
5803.194945026335,-0.0018763133261384091,4.251221801653472,0.003045049190205637
5944.736285148923,-0.0018753435286561761,4.248269157853865,0.0031188012094983744
6086.277625271519,-0.0018836747870123512,4.245320196132689,0.003192697944212973
6227.818965394115,-0.0018897765143427781,4.242369322326835,0.003266878410057579
6369.360305516704,-0.0018911221379913762,4.239421951187063,0.0033412052797963387
6510.9016456393,-0.001890339859139696,4.236483348287299,0.00341554322405975
6652.442985761896,-0.001890467018258352,4.2335543296567035,0.003489868289639139
6793.984325884485,-0.0018774334880965551,4.230644207971716,0.0035639396350722052
6935.525666007081,-0.0018809953534051722,4.2277501225768,0.0036378247815974304
7077.067006129677,-0.0019038236591127481,4.224844387992735,0.0037122287198131584
7218.608346252266,-0.0019037253746323236,4.221929851547422,0.003787079496593543
7360.149686374862,-0.0019117017553344365,4.219017852776229,0.003862085145081816
7501.691026497458,-0.0018793976605094777,4.216132783931681,0.003936612546728564
7643.232366620046,-0.0018826402782136631,4.213277941446024,0.004010568642761746
7784.773706742642,-0.0018947039827094242,4.210419482241386,0.004084825638427776
7926.315046865238,-0.0019035919171457231,4.207553118463664,0.004159494512295511
8067.856386987827,-0.0018917005516472683,4.204696852189441,0.004234104343155243
8209.397727110423,-0.0018905076232720497,4.201858089158606,0.004308456956169236
8350.93906723302,-0.0018895218909518237,4.199028467110489,0.004382766739939543
8492.480407355608,-0.001888018827403486,4.196208074024965,0.004457027597667827
8634.021747478204,-0.0018926474992238815,4.193392589548089,0.004531349900227168
8775.5630876008,-0.001891450096875007,4.190581674240553,0.004605739656464186
8917.104427723389,-0.0018887860167156204,4.187780613561909,0.004680053501672166
9058.645767845985,-0.0018918441343113539,4.184986114162995,0.004754375093072756
9200.18710796858,-0.0018917590686325732,4.182196148232261,0.004828755130272318
9341.72844809117,-0.001893480389730676,4.179411582951484,0.0049031673338308795
9483.269788213765,-0.0019041917378308953,4.176624381225403,0.004977823945258836
9624.811128336361,-0.0018861773851866802,4.1738489090829,0.00505233699042984
9766.35246845895,-0.001889016206882836,4.171090743951583,0.005126551707130354
9907.893808581546,-0.0018892544863205788,4.168336390367269,0.0052008269150834036
10049.435148704142,-0.0018892011117518654,4.165587834377641,0.005275105757992414
10190.976488826731,-0.001892749257173647,4.16284254649145,0.005349453302922254
10332.517828949327,-0.0018944546065836024,4.160099139332729,0.005423904123782491
10474.059169071923,-0.0018925946402215418,4.15736141089097,0.00549835190510236
10615.600509194512,-0.0018874944531333336,4.154634134636021,0.00557266286011017
10757.141849317108,-0.0018869640584237798,4.151916194098323,0.00564686312621613
10898.683189439704,-0.0018897839082225771,4.149201749109812,0.0057211083996195275
11040.224529562292,-0.0018964812893819496,4.146485498379283,0.005795540767692928
11181.765869684888,-0.0018967705305655434,4.14376915891263,0.0058701104824176245
11323.307209807484,-0.0018917684659613253,4.141060981678291,0.005944587550011388
11464.848549930073,-0.001890172226453682,4.138362162127711,0.006018934904715358
11606.38989005267,-0.001889758991973338,4.13566927924231,0.006093242756135833
11747.931230175265,-0.0018900457466772245,4.132980857312729,0.006167548121151157
11889.472570297847,-0.00189005214903007,4.130296467747339,0.006241859249200177
12031.013910420443,-0.001889687627908427,4.127616442537857,0.0063161633371644245
12172.555250543039,-0.0018895189566475947,4.124940774012794,0.006390456943355837
12314.096590665627,-0.0018899047984431456,4.122268800070052,0.006464754818798435
12455.637930788223,-0.0018946460078427567,4.119596927019869,0.006539153484476739
12597.17927091082,-0.001893287346439423,4.1169262680073135,0.00661361864604065
12738.720611033408,-0.0018902237431161761,4.114262193371261,0.006687996872427368
12880.261951156004,-0.0018882442064694573,4.111604996781459,0.00676227595814884
13021.8032912786,-0.0018902748682501462,4.108950958805885,0.006836556048914762
13163.344631401189,-0.0018832604522276615,4.106303479757568,0.006910738166450922
13304.885971523785,-0.001892996738376931,4.103657020717531,0.006984973791923942
13446.427311646381,-0.001896469628954493,4.101004119755913,0.007059469090254719
13587.96865176897,-0.001881149571398888,4.098362189156701,0.0071337314908228935
13729.509991891566,-0.0018859253443668303,4.095730164334109,0.007207786606367297
13871.051332014162,-0.0018907752203126964,4.093093821988625,0.007282030947918197
14012.59267213675,-0.0018936229763417494,4.0904543967455576,0.007356426613517084
14154.134012259346,-0.001889819933233591,4.087817912413515,0.007430803499586337
14295.675352381943,-0.0018929481494772314,4.085184303951723,0.007505167119558544
14437.216692504539,-0.0018892448560772468,4.082553643047132,0.00757951943436528
14578.758032627127,-0.0018911835022882883,4.079926896906263,0.007653837058820903
14720.299372749723,-0.0018813814817731707,4.077308434408984,0.007728000100979741
14861.84071287232,-0.001889157597060609,4.074694333969003,0.007802123316841235
15003.382052994908,-0.0018906219708882289,4.072076934768575,0.007876428187037827
15144.923393117504,-0.001892197246779648,4.069460687996589,0.00795079281224758
15286.4647332401,-0.0018901927819428373,4.066848138414187,0.008025149000238097
15428.006073362689,-0.0018915239516472118,4.064239595415907,0.008099491952243142
15569.547413485285,-0.0018967774518499217,4.06163020363104,0.008173964349109712
15711.08875360788,-0.0018942438108957703,4.059022781852933,0.008248490214382252
15852.63009373047,-0.0018894076747456568,4.056424405299159,0.008322871200748157
15994.171433853066,-0.0018894733998021571,4.053833411983513,0.008397158407894744
16135.712773975662,-0.0018875072566781508,4.051247965068841,0.008471408255635766
16277.25411409825,-0.0018862470902444321,4.0486691050345724,0.008545594678907552
16418.795454220846,-0.001895009097021186,4.046089649957543,0.008619928577253723
16560.336794343442,-0.0018938167523001482,4.043509723306343,0.008694411283948735
16701.87813446603,-0.001892569828546156,4.040936292775896,0.008768846038236956
16843.419474588627,-0.0018898817422943386,4.038370505272777,0.008843203436054398
16984.960814711223,-0.0018899025666086252,4.035811630016253,0.00891750839945113
17126.50215483381,-0.0018915282152604023,4.033256886752314,0.008991845730068705
17268.043494956408,-0.0018870417477733676,4.030709460079327,0.009066126821223538
17409.584835079004,-0.0018930837112078552,4.028166511854421,0.009140438491125724
17551.126175201593,-0.0018909518343842434,4.025626612409875,0.009214827027541644
17692.66751532419,-0.0018852375467776823,4.023097785765612,0.009289061319981418
17834.208855446785,-0.0019023037841763356,4.020567325976103,0.009363518774947104
17975.750195569373,-0.0019124147154725526,4.018024896181968,0.009438510492812486
18117.29153569197,-0.0018916900868664237,4.015495868415144,0.009513293561102747
18258.832875814565,-0.0018901893804281478,4.012988023894245,0.009587639712211497
18400.374215937154,-0.0018892520558316333,4.010488321000748,0.009661937935239697
18541.91555605975,-0.0019146729340365517,4.007979154850771,0.009736717468683001
18683.456896182346,-0.0018921189516910152,4.005475001673218,0.00981155336105435
18824.998236304935,-0.0018866224910694058,4.002996274011501,0.009885837823246722
18966.53957642753,-0.0018881441423180966,4.00052723252485,0.009960044146571687
19108.080916550127,-0.0018822289794594898,3.998068268760009,0.010034164099963161
19249.622256672716,-0.0018892015060097004,3.99561595929176,0.010108304839559337
19391.16359679531,-0.0018860136035211779,3.99316868624055,0.010182519979261291
19532.704936917908,-0.0019113330811606362,3.9907147765943303,0.010257170192964064
19674.246277040496,-0.0019247443878301223,3.9882438362719435,0.010332581796543928
19815.787617163092,-0.0018940073574551135,3.985792186756427,0.010407652802047147
19957.32895728569,-0.001905391661133093,3.9833611578550068,0.01048234336159596
20098.870297408277,-0.0018816084705421952,3.9809463412650996,0.01055679017738509
20240.411637530873,-0.0018779745409789816,3.978557324427436,0.010630698013184097
20381.95297765347,-0.0018844104629839153,3.9761749633738415,0.01070466093200605
20523.494317776058,-0.001889187733535165,3.973794120081865,0.010778844285592091
20665.035657898654,-0.0018883973683378084,3.971419547342263,0.010853106015834627
20806.57699802125,-0.0018936162491788745,3.969051138964461,0.010927454804138127
20948.11833814384,-0.0018918795085882244,3.966689658142014,0.011001872046163506
21089.659678266427,-0.0018835005905705549,3.964343705500578,0.01107609042931727
21231.201018389023,-0.0018806115589179518,3.9620140597292974,0.011150087301263153
21372.742358511612,-0.001889799630175955,3.9596899708530318,0.011224208003001699
21514.283698634208,-0.0018898706301584422,3.9573698144151073,0.011298510724372428
21655.825038756804,-0.0018968757724594993,3.9550551353464027,0.01137295255222395
21797.366378879393,-0.001883017452492973,3.9527545911673077,0.011447259656748959
21938.90771900199,-0.0018943497800275168,3.9504656531829174,0.01152151710400259
22080.449059124585,-0.0018850362642575066,3.948185707309177,0.011595814238106582
22221.990399247174,-0.00187042670507375,3.945930454883406,0.01166964107997601
22363.53173936977,-0.0018932598348132012,3.9436806668426794,0.011743629585067257
22505.073079492366,-0.001886673241852226,3.941431790223992,0.011817937473017945
22646.614419614954,-0.001891335601099501,3.939194837864347,0.011892207533382722
22788.15575973755,-0.0019236216759724845,3.9369470880999478,0.011967203945258725
22929.697099860146,-0.0019008697126122374,3.934705042498509,0.012042387783651447
23071.238439982742,-0.0019001412045650608,3.9324881388416304,0.01211711003074004
23212.77978010533,-0.0018747454250368984,3.9302978400455983,0.012191318713012916
23354.321120227927,-0.001877256428798742,3.928132185990432,0.012265077514476024
23495.862460350523,-0.0019072551079649812,3.925959388248849,0.012339475408173657
23637.403800473112,-0.0019166843025280697,3.923775952739038,0.012414648395494322
23778.945140595708,-0.0018968243320131297,3.9216106307201333,0.012489616329202938
23920.486480718304,-0.0018635256484338658,3.9194875229620987,0.0125635392424755
24062.027820840893,-0.001894032374658496,3.9173780647347525,0.012637407270000067
24203.56916096349,-0.001975664614963698,3.9152184143881597,0.012713479783580554
24345.110501086085,-0.0019695511776690404,3.913030104744978,0.01279103688501973
24486.651841208673,-0.0019354980375484404,3.910877642238492,0.01286780437101508
24628.19318133127,-0.0018746872456154578,3.908790629431355,0.012942706972555972
24769.734521453865,-0.001850656051144983,3.9067627971828545,0.013015941706256001
24911.275861576454,-0.0019164736164365126,3.904725136856915,0.013089997898140037
25052.81720169905,-0.001899911318712114,3.902674223153598,0.013165022375660123
25194.358541821646,-0.0018636747278659219,3.90066502295588,0.013239008905201702
25335.899881944235,-0.001847796232317764,3.8986967545972044,0.013311970929303155
25477.44122206683,-0.0018905572711382435,3.89672752721547,0.013385461424404707
25618.982562189427,-0.0019591579016170163,3.8947137308327546,0.013461141125049439
25760.523902312016,-0.0018631061045487622,3.8927285873683437,0.01353628117640153
25902.06524243461,-0.0018943164576311125,3.890791144488508,0.013610146540965117
26043.606582557208,-0.0018804577689521674,3.888858896874383,0.013684353013561065
26185.147922679796,-0.001860935559098637,3.8869578628041728,0.013757903267113566
26326.689262802392,-0.0018898185575968193,3.885066327689803,0.013831637539911817
26468.23060292499,-0.0018882904289514522,3.883175567403705,0.013905909568951439
26609.771943047577,-0.001892228324279578,3.881298379839473,0.013980228970436288
26751.313283170173,-0.0018899143100681302,3.879435321066002,0.014054580295019676
26892.85462329277,-0.0018879360407011857,3.8775894315170816,0.0141288472396628
27034.395963415358,-0.0019207295617467274,3.8757438602853442,0.014203719966530758
27175.937303537954,-0.0018995159174404186,3.8739083313274714,0.014278820336630957
27317.47864366055,-0.0018971653854193986,3.872099801736871,0.014353457469912234
27459.01998378314,-0.001841749628525842,3.8703342030744543,0.014426959003478661
27600.561323905735,-0.001880352915613547,3.868591873744791,0.014500130028780214
27742.10266402833,-0.0019008752307591425,3.866837669274312,0.014574463375883948
27883.64400415092,-0.0018991783823481862,3.865090919359778,0.01464916680379185
28025.185344273516,-0.0018896299463126598,3.8633656381874686,0.014723649166056615
28166.72668439611,-0.0018845657171088458,3.8616633013773036,0.01479784426495739
28308.2680245187,-0.0018968011951091823,3.8599739745058628,0.01487218033999219
28449.809364641296,-0.0019271457159064152,3.85828204395263,0.014947353474762021
28591.350704763892,-0.0019068360410122163,3.8566021309329694,0.015022723879745334
28732.89204488648,-0.0018881304576743767,3.8549554244995368,0.015097327302515395
28874.433385009077,-0.001907420010963352,3.853324381443209,0.015171942205270107
29015.974725131673,-0.0018857663595590907,3.8517101419068096,0.015246510633356011
29157.51606525426,-0.001891678174214045,3.8501181715003963,0.015320769600237812
29299.057405376858,-0.0018859972638130356,3.8485415286365257,0.015395033106355392
29440.598745499454,-0.001907312307286644,3.846973767062819,0.015469603956382243
29582.140085622043,-0.0018963393204274562,3.8454171166080986,0.015544378115930315
29723.68142574464,-0.0019375199320562696,3.8438635760552917,0.01561974611265781
29865.222765867235,-0.0018725656660475846,3.842334940858583,0.015694646754538008
30006.764105989816,-0.0018821639177785275,3.840843294990557,0.015768459179134206
30148.305446112412,-0.0018813296156223306,3.8393627777905763,0.01584244389000369
30289.846786235008,-0.001903567362776194,3.8378884792477725,0.015916849360913202
30431.388126357597,-0.0019092805029905478,3.8364180202684626,0.015991804304886007
30572.929466480193,-0.001898386347513007,3.8349641938230374,0.01606665739776943
30714.47080660279,-0.001893819940159126,3.8335306900347312,0.01614120655887755
30856.012146725378,-0.0018957729012069758,3.832112434166989,0.016215704343500597
30997.553486847974,-0.001890930880426045,3.830709383341153,0.016290145333486657
31139.09482697057,-0.0018899197146840685,3.8293224723917496,0.016364471258491546
31280.63616709316,-0.0018903674295019603,3.827949611007911,0.016438786106885477
31422.177507215754,-0.001891410603019665,3.82658994386698,0.016513130263936766
31563.71884733835,-0.0018930976454786949,3.825242933855836,0.016587528092991972
31705.26018746094,-0.0018982541234904915,3.8239070537229116,0.016662060455527535
31846.801527583535,-0.0018916201143465393,3.8225851490663403,0.016736563771988584
31988.34286770613,-0.001880105849512194,3.821282816138947,0.01681071032025244
32129.884207828727,-0.0018811080278437482,3.8199971544892852,0.0168846502164592
32271.425547951316,-0.001889844143135997,3.818721124899385,0.016958781553100676
32412.966888073912,-0.0018971189313564316,3.8174526236039132,0.01703322764040046
32554.508228196508,-0.0018917754253246321,3.8161963440537594,0.017107711693848737
32696.049568319097,-0.001886718258075486,3.8149562175760994,0.017181991285458904
32837.59090844169,-0.0018811622079759275,3.8137320944700077,0.017256062236929274
32979.13224856429,-0.0019097895281145313,3.812512978855878,0.017330586735410707
33120.67358868688,-0.001789703649206938,3.81133525596013,0.017403313294034658
33262.21492880947,-0.0017966011758369482,3.81020476129202,0.017473814737232553
33403.75626893207,-0.0017924680258509995,3.809084330362002,0.017544370523982503
33545.29760905466,-0.0018556935228742826,3.8079565623195535,0.01761608797878671
33686.838949177254,-0.0018772840880202475,3.806814062871013,0.017689472791799717
33828.38028929985,-0.001894578758676229,3.8056713533333477,0.0177636220309775
33969.92162942244,-0.0018978563565870588,3.804534144900717,0.01783817569049727
34111.462969545035,-0.0018900554872432044,3.803409922386889,0.01791264042919755
34253.00430966763,-0.001882807602435435,3.8023016055040295,0.017986809331671464
34394.54564979022,-0.001889941276079361,3.801204624422486,0.01806097598892299
34536.086989912816,-0.0018907334610544378,3.8001165624778244,0.018135298456820426
34677.62833003541,-0.0018897817814330217,3.799039666980601,0.018209617789289256
34819.169670158,-0.0018915899936139647,3.797973537248663,0.018283953959920073
34960.7110102806,-0.0018927611646099,3.796917476994316,0.01835834870081306
35102.25235040319,-0.0018875780104005708,3.795873318377884,0.018432664572055966
35243.79369052578,-0.0018870316173701881,3.7948413801594474,0.01850686780888295
35385.33503064838,-0.00192085494093467,3.7938109994879525,0.01858172522089646
35526.87637077097,-0.0019452223944252175,3.7927757015931176,0.018657726577433188
35668.41771089356,-0.0019264532810742625,3.791749717094523,0.0187338379890485
35809.95905101616,-0.0019365780660196116,3.790736685313617,0.01880977946596562
35951.500391138754,-0.0018604952356548513,3.7897512108294897,0.01888442430536322
36093.04173126134,-0.001868260206981308,3.788793253957964,0.018957726116799346
36234.58307138394,-0.001917138969601982,3.787830551262858,0.01903214146018165
36376.124411506535,-0.0019479497212644967,3.7868576579795734,0.019108123381431363
36517.66575162912,-0.0019752613250487694,3.785880421675934,0.01918524790213677
36659.20709175172,-0.001877759645401723,3.7849306335549824,0.01926099258986983
36800.748431874315,-0.0018857642343328655,3.784012323429884,0.019334977897303308
36942.289771996904,-0.001954842415814286,3.7830846806769642,0.019410478537879076
37083.8311121195,-0.0019395599233747994,3.7821536961322804,0.019487036722054825
37225.37245224209,-0.0019089528969936478,3.7812431079108477,0.01956269278623176
37366.913792364685,-0.0018858590512876932,3.7803542827904093,0.019637293170769673
37508.45513248728,-0.0018900954674594202,3.77947868589284,0.019711522846162094
37649.99647260987,-0.001890166983076212,3.7786107802493554,0.019785837209115413
37791.537812732466,-0.0018898946485067236,3.777751500971321,0.01986014762426545
37933.07915285506,-0.001889413515861959,3.7769008562288,0.01993444322736559
38074.62049297766,-0.0018899000488583637,3.776058558515853,0.020008738936628648
38216.16183310025,-0.0018905332553540747,3.7752242489652277,0.020083056658312302
38357.703173222835,-0.0018902500386743107,3.7743979879684986,0.020157381260277562
38499.24451334543,-0.0018895936370792535,3.773579941200848,0.020231687390738686
38640.78585346803,-0.0018939809163647757,3.7727689922867262,0.020306066864731492
38782.32719359062,-0.0018910121234435927,3.7719655383854396,0.020380474224066098
38923.86853371322,-0.0018900006149117849,3.771170603140586,0.02045480333656713
39065.40987383581,-0.001885733005622706,3.7703843173679554,0.020529028669427737
39206.9512139584,-0.0018891850670960276,3.7696056194280834,0.02060323796982574
39348.49255408099,-0.001890216481565182,3.768833313004363,0.020677535408722813
39490.03389420359,-0.0018902688649332173,3.7680679947759277,0.020751854153480756
39631.575234326185,-0.0018930188550264353,3.767309213524911,0.020826227988751927
39773.11657444878,-0.0018933960996974561,3.7665568061191417,0.020900663300828574
39914.65791457137,-0.0018978199980025767,3.7658103468733697,0.020975192996267853
40056.19925469396,-0.0018785429222918583,3.7650735637528014,0.02104943070023004
40197.740594816554,-0.0018719503129626773,3.7643483845948076,0.02112315984448541
40339.28193493915,-0.001914803722641444,3.7636227095858783,0.02119760182239014
40480.823275061746,-0.0018935062819816235,3.7628993907398804,0.021272467558731335
40622.36461518434,-0.0018934336846825313,3.7621864661296724,0.02134691319176543
40763.90595530693,-0.0018891397482340537,3.7614805553517985,0.021421272985210862
40905.44729542952,-0.0018904049048539752,3.7607812762500963,0.02149557323732909
41046.988635552116,-0.001881118113961718,3.7600894122158124,0.021569715795993864
41188.52997567471,-0.0018875720368071644,3.759403872411549,0.021643802664667013
41330.0713157973,-0.0018878923873958157,3.7587228047479733,0.021718022705526294
41471.6126559199,-0.0018873315877454369,3.7580473756942787,0.021792238019513025
41613.153996042485,-0.0018881648410621133,3.75737737973017,0.021866458689535455
41754.69533616508,-0.0018902258177836012,3.756712244504391,0.02194073625583541
41896.23667628768,-0.0018936373833548636,3.7560514196309334,0.022015121404214542
42037.77801641027,-0.0018938564300023414,3.75539513109213,0.022089577925054622
42179.31935653286,-0.0018980426414702434,3.754743145991236,0.0221641210467471
42320.86069665546,-0.0018916928249921897,3.7540964831223427,0.022238621635168383
42462.40203677805,-0.0018876250904772453,3.753456411704825,0.02231291742996073
42603.94337690064,-0.0018830403303525915,3.7528224826084857,0.022387043129518808
42745.48471702324,-0.001896426871719014,3.7521916477047754,0.022461341859064725
42887.026057145835,-0.0018917881254943696,3.7515638333091923,0.02253581255731168
43028.56739726843,-0.0018905607648024628,3.750941351896144,0.02261016793658166
43170.10873739102,-0.0018910875950784154,3.7503232275103913,0.022684509544460815
43311.65007751361,-0.0018888064781891957,3.7497095139609793,0.022758816665662446
43453.191417636204,-0.0018867179472343023,3.749100511858491,0.022833037886056895
43594.7327577588,-0.001889614098019233,3.748495266507298,0.02290727498306149
43736.274097881396,-0.0018903339177109982,3.7478932205337405,0.022981583164692072
43877.81543800399,-0.001890331604924124,3.7472947278453463,0.02305590545144611
44019.35677812658,-0.0018888284525751197,3.74670002498774,0.023130198142984476
44160.89811824917,-0.0018819752801189217,3.7461100624283152,0.023204326561549027
44302.439458371766,-0.0018878046215864588,3.7455235667456486,0.023278434853112165
44443.98079849436,-0.0018929989382149989,3.744938562844924,0.023352759853472523
44585.52213861696,-0.00188409053772258,3.744357226400197,0.02342701184044296
44727.063478739554,-0.0019264139308596627,3.743773763537115,0.023501920716696607
44868.60481886214,-0.0019013575558684318,3.7431905895279245,0.02357716903696252
45010.14615898473,-0.0018865943646739053,3.742616259655843,0.023651634563511617
45151.68749910733,-0.0018941577351123345,3.7420456615510944,0.023725958552244263
45293.22883922992,-0.0022894527714796744,3.7414171994320817,0.023808202140807318
45434.77017935252,-0.0024044906913975885,3.7407155611261866,0.023900478119723338
45576.311519475115,-0.0020024470593577887,3.740059991079481,0.023987111991262057
45717.852859597704,-0.0013601421664525498,3.739561725349697,0.024053215516998582
45859.39419972029,-0.0011468702541376692,3.7391912824388958,0.024102499669458904
46000.93553984289,-0.0016427740295620172,3.7387800804239375,0.024157339945900597
46142.476879965485,-0.0020508387033981116,3.738237180909341,0.024229950903694633
46284.01822008807,-0.0018993479146910215,3.7376584128885617,0.02430760572420278
46425.55956021067,-0.0017318385371920472,3.737127955130915,0.024378989473735357
46567.10090033326,-0.0017629031331382948,3.7366187540458027,0.024447690920874357
46708.642240455854,-0.0018154159388301947,3.736098625714505,0.024518035375990004
46850.18358057845,-0.00221320723152159,3.735514437274753,0.024597232142987303
46991.724920701046,-0.0020467172229224426,3.734898166439316,0.024680975950779387
47133.26626082364,-0.0018547891343670708,3.7343349253449576,0.024757673789433218
47274.80760094623,-0.0017500972568195395,3.7338153950141493,0.02482854051871075
47416.34894106882,-0.001832490837278842,3.7332998237818034,0.024898968896481022
47557.890281191416,-0.0019370627619933068,3.7327580416210244,0.02497307273927337
47699.43162131401,-0.0019047889542619083,3.7322064866129874,0.02504859785600546
47840.97296143661,-0.001901829970153125,3.731660488174227,0.02512343034821348
47982.514301559204,-0.0018896524137949865,3.731117037773999,0.02519796527844615
48124.05564168179,-0.0018806597212094006,3.7305768805880857,0.025272084032927952
48265.59698180438,-0.0016245047663785053,3.730074842003305,0.025340990377222858
48407.13832192698,-0.0016201052646670827,3.729610154300735,0.025404774606663058
48548.67966204957,-0.0019391051671103815,3.72910035755832,0.025474743414203624
48690.22100217217,-0.0019252094228300847,3.728546689734945,0.025550710117775217
48831.762342294765,-0.002226183776259597,3.7279515570572808,0.025632320361771738
48973.303682417354,-0.001918793407866751,3.7273568525478864,0.025713804476413242
49114.84502253994,-0.001795541848207199,3.7268233938598487,0.0257868228083312
49256.38636266254,-0.0018217293517477486,3.726303276938093,0.025857933004612935
49397.927702785135,-0.0013368417840109968,3.7258485528463696,0.025920025836755692
49539.46904290773,-0.0012626694546869466,3.725473871133645,0.025971128379031948
49681.01038303033,-0.001600926722549199,3.7250606151278545,0.02602742244021194
49822.551723152916,-0.0018521609777230315,3.72456150740695,0.026095305031969912
49964.093063275504,-0.0017056111815097555,3.7240462897991358,0.026165245565201667
50105.6344033981,-0.0015101965294071682,3.7235796603146363,0.026228463583671077
50247.1757435207,-0.0015705077430297552,3.7231317364556484,0.026289025668565818
50388.717083643285,-0.0017831122889013019,3.722643058613296,0.026354952873229913
50530.25842376588,-0.0019128361656081594,3.7221031092554933,0.02642760974785148
50671.79976388847,-0.0019108701247006086,3.721542852849394,0.026502778152374465
50813.341104011066,-0.0019418511198388202,3.7209765426024415,0.02657851694793987
50954.88244413366,-0.0019637084960637164,3.7204005202800605,0.026655294467657027
51096.42378425626,-0.0019497189980001756,3.719821276594495,0.026732226658210137
51237.96512437885,-0.0018994106608745205,3.7192494433609995,0.02680789484851885
51379.50646450144,-0.0017354771812518217,3.718707436647606,0.02687935136190356
51521.04780462403,-0.0018224734730442412,3.718174942935643,0.026949295404083987
51662.58914474663,-0.001885016290292679,3.7176179272570353,0.027022179163749757
51804.13048486922,-0.0020688676770990668,3.71702139315653,0.027099906668671125
51945.67182499182,-0.001923721560613529,3.716416301270442,0.02717839506190236
52087.213165114415,-0.0018618524126223967,3.715839967404989,0.027252813841528056
52228.754505237004,-0.0017392782370316267,3.7152892691469996,0.027323606738487577
52370.29584535959,-0.0012637873418970974,3.7148281507104963,0.027382642561615024
52511.83718548219,-0.0019081718397286765,3.714339191890618,0.02744499858291801
52653.378525604785,-0.0022189126771208563,3.713699983621947,0.02752613095421163
52794.91986572738,-0.0019178953138315107,3.713055740575879,0.02760745447461014
52936.46120584998,-0.0017126970997330194,3.7124873312288,0.027678826546228868
53078.002545972566,-0.0014975773893225015,3.7119823248377295,0.02774193578974863
53219.543886095154,-0.0014648390402340313,3.71151426003875,0.02780017251078205
53361.08522621775,-0.0018508633971218334,3.710987990068998,0.02786535431167526
53502.62656634035,-0.002053933923640902,3.710364909979618,0.027942116845798573
53644.16790646294,-0.0021069476491458886,3.7096969256233474,0.02802391361717408
53785.70924658554,-0.001910505191155124,3.7090479033934463,0.028102890792020684
53927.25058670813,-0.0018500865810144973,3.708436665199242,0.02817681845856053
54068.791926830716,-0.0018419361461720024,3.7078329950000626,0.028249398159195117
54210.33326695331,-0.001876559673012969,3.7072213308257664,0.028322498281623965
54351.87460707591,-0.0019068463568917711,3.706595128241217,0.028396874442693495
54493.415947198504,-0.0018983332618836017,3.7059613054516327,0.028471678640283587
54634.95728732109,-0.0018949370878121926,3.7053253687961174,0.028546248719275705
54776.49862744369,-0.0018933308935711053,3.7046860994488777,0.028620720459112993
54918.03996756628,-0.0018813896415914957,3.704044882481136,0.028694925876215104
55059.58130768887,-0.0018873213049792577,3.703400383342401,0.028769013153702925
55201.12264781147,-0.0019001772445859737,3.70274825194614,0.028843469767649847
55342.663987934066,-0.0019135759466106168,3.702087034572463,0.028918442508980235
55484.205328056654,-0.0019227631466383255,3.701417188720605,0.028993859255705676
55625.74666817925,-0.0018751393689336799,3.700749308799392,0.029068520396220814
55767.28800830184,-0.0018544142099777288,3.7000887675423417,0.029141837897834446
55908.829348424435,-0.0018661278879370654,3.6994251166233973,0.029214978247073527
56050.37068854703,-0.0018512030400485496,3.6987572612471746,0.02928805546946606
56191.91202866962,-0.00189397722480938,3.6980794891199715,0.02936168016858949
56333.453368792216,-0.0018764167007360407,3.6973920865268846,0.02943580053095224
56474.994708914805,-0.0019401105470448275,3.696691006330176,0.029510827806127973
56616.5360490374,-0.0019529769913596909,3.6959703100251105,0.029587360143266912
56758.07738916,-0.0018749342184911566,3.6952561198499647,0.029662611210282547
56899.61872928259,-0.0018011291765021556,3.694564986889721,0.029734877174074626
57041.16006940518,-0.0017912595341288218,3.6938845154170905,0.029805498217455734
57182.70140952778,-0.0018109385372111523,3.6931970775278997,0.029876312098345247
57324.24274965037,-0.001881673382809552,3.6924869965572302,0.029948903381638636
57465.78408977296,-0.001900853392170797,3.6917538843168787,0.030023262257858122
57607.32542989556,-0.0019400847260747029,3.6910034164506826,0.030098769414605958
57748.866770018154,-0.0018934650406802406,3.690248237885116,0.03017413132730223
57890.40811014074,-0.0018900667295900168,3.689496794784579,0.03024850996024118
58031.94945026334,-0.0018596701498219857,3.688745980664547,0.0303222242356605
58173.490790385935,-0.001909958313857275,3.687984993187807,0.030396329550176255
58315.03213050852,-0.0019156435198051979,3.687206271462023,0.03047153521827515
58456.57347063112,-0.0018868647018866727,3.686425737770833,0.030546286900153683
58598.114810753716,-0.0018759134583611857,3.6856468802070808,0.030620257547846114
58739.656150876304,-0.001891655785955907,3.684860486678774,0.030694322381157962
58881.1974909989,-0.0018889554989555447,3.684064701340819,0.030768643601678653
59022.73883112149,-0.0018933690607911091,3.6832617822435227,0.030842998502646032
59164.280171244085,-0.0018903397396436623,3.6824517032398405,0.030917380615735922
59305.82151136668,-0.001899905210283226,3.681633251759993,0.030991891219847804
59447.36285148928,-0.0019035649454113587,3.6808048400873052,0.03106666181192465
59588.904191611866,-0.001900151040939556,3.6799691684051004,0.03114143723666824
59730.44553173446,-0.0018672978806675757,3.679134273023809,0.031215499704613753
59871.98687185705,-0.0018854979745302615,3.6782954232370075,0.03128927411496809
60013.52821197965,-0.0019074188659138182,3.6774402146712806,0.0313638372444917
60155.06955210224,-0.0019061683911397829,3.6765727656880296,0.03143880672380251
60296.61089222484,-0.001867579898994232,3.675706808969091,0.0315129930280068
60438.15223234743,-0.0018129755729259167,3.674854900394246,0.03158534729938057
60579.693572470016,-0.0018638187072843133,3.6739965472630676,0.03165762763129391
60721.23491259261,-0.0019072817810732346,3.673108498754246,0.03173176188363545
60862.77625271521,-0.0019060174762048883,3.6722025173305273,0.03180672570129706
61004.317592837804,-0.001891108167801566,3.671292300713774,0.031881371569667416
61145.85893296039,-0.0018881668265239302,3.6703782712119066,0.03195566652069362
61287.40027308299,-0.0018902944089735324,3.669456280773459,0.03202994547442606
61428.941613205585,-0.0019005545221716486,3.668522982669463,0.032104467951914475
61570.48295332817,-0.0018960609783788968,3.6675798590572906,0.03217910379161977
61712.02429345077,-0.001891651986305714,3.666630476123673,0.03225356462065049
61853.565633573366,-0.0018906052305963247,3.6656739302228134,0.03232791819775725
61995.106973695954,-0.0018958310787769378,3.664707701147216,0.032402353929634684
62136.64831381855,-0.0019454909568405016,3.6637185564034667,0.03247786863362965
62278.18965394115,-0.001841779755151137,3.662734455493532,0.0325523207686272
62419.730994063735,-0.0018510448401275117,3.6617663267736096,0.03262491623280128
62561.27233418633,-0.001985298282994221,3.6607515237870154,0.03270033305874805
62702.81367430893,-0.001961747843842512,3.659697717874639,0.032777926141847796
62844.355014431516,-0.001898761401655282,3.658657385567589,0.032853818037981604
62985.89635455411,-0.0018833008419396136,3.657628867326751,0.03292816778220181
63127.43769467671,-0.0018750756751820595,3.656597559501143,0.03300205190010719
63268.9790347993,-0.0018796080153270578,3.6555579907172033,0.033075863422508726
63410.52037492189,-0.0018899944550914535,3.654504879916405,0.03314996822603546
63552.06171504449,-0.0019104681534031858,3.6534335136124243,0.033224679694187145
63693.60305516708,-0.00194738801037459,3.652335983058846,0.03330051943466233
63835.14439528967,-0.0019090466480949334,3.651228160892277,0.033376331230447746
63976.68573541226,-0.0018676430593782833,3.650129453822241,0.033450575358562044
64118.22707553486,-0.0018741618999459178,3.6490232146722974,0.03352413370417595
64259.768415657454,-0.0018915031478124091,3.6478879462761413,0.03359816110380269
64401.30975578005,-0.0018980168932554017,3.6467189649138216,0.03367265745727966
64542.85109590264,-0.0018986580386659198,3.6455167834057454,0.03374729446531771
64684.392436025235,-0.0018674272807434728,3.6442893745726375,0.033821330126862885
64825.933776147824,-0.0018842827869597974,3.643027868316665,0.033895083192242624
64967.47511627042,-0.0019017426034484042,3.641711327533138,0.03396951084606159
65109.016456393016,-0.0018963145021631774,3.64034239333751,0.034044175025588035
65250.557796515604,-0.0018948086368616426,3.638923487533359,0.03411870289359739
65392.0991366382,-0.001786868989767862,3.637491279160115,0.03419107922487135
65533.6404767608,-0.0018231364380377737,3.6360311851169027,0.03426204658682988
65675.18181688339,-0.001895806593373638,3.6344653286484596,0.034335155500788986
65816.72315700598,-0.0019175578231136717,3.63279047079204,0.034410120599384184
65958.26449712858,-0.0018901155557902829,3.6310438154430207,0.03448497382060629
66099.80583725117,-0.0018874233685967775,3.6292333127586534,0.03455923464306782
66241.34717737377,-0.0018909749758194681,3.6273407304842427,0.03463351236045472
66382.88851749635,-0.0019037121068757185,3.6253534808317265,0.03470811029032008
66524.42985761895,-0.001901689811632944,3.623269217182071,0.034782918857993804
66665.97119774154,-0.0018920451933162616,3.6210958998987315,0.03485749807142026
66807.51253786414,-0.0018819835776301597,3.6188350311695867,0.03493168988946206
66949.05387798673,-0.0018805512790478088,3.616478676808919,0.03500565575416653
67090.59521810932,-0.0018884002442701195,3.6140115942411337,0.03507974776103702
67232.13655823191,-0.001887134130950355,3.611428873867549,0.035153969177029745
67373.67789835451,-0.001890773167204358,3.6087240337022672,0.03522823724117415
67515.2192384771,-0.0018903966245932755,3.6058648733403964,0.03530256944111333
67656.7605785997,-0.0018901254291178705,3.602816285532414,0.03537688890748074
67798.3019187223,-0.0018874088582370168,3.599542573216132,0.03545114963878508
67939.84325884488,-0.0018874264520559517,3.596006218444097,0.035525357312196325
68081.38459896747,-0.0018893818963742082,3.5921651357932287,0.03559960377261619
68222.92593909007,-0.001891046049694174,3.587979118760103,0.03567392138896666
68364.46727921267,-0.0018914494157658923,3.5834111818900105,0.03574827964968733
68506.00861933526,-0.0018913825255247349,3.5784250843930905,0.03582264452502467
68647.54995945786,-0.0018971617608687559,3.5729746536038425,0.035897121696609385
68789.09129958044,-0.0018809335818406414,3.5670460554521712,0.035971393457431326
68930.63263970304,-0.001825192518315345,3.560715292691824,0.036044250409497915
69072.17397982563,-0.001972312141010269,3.5533793208573696,0.03611890372874829
69213.71531994823,-0.0019165588961109442,3.5433585711268014,0.03619535317571469
69355.25666007082,-0.0020283584603453418,3.5285397321295964,0.036272904410340485
69496.79800019342,-0.0018051407159588564,3.507654900468763,0.036348265328503396
69638.339340316,-0.0017477680006963085,3.4808871017068133,0.036418110253654594
69779.8806804386,-0.0018148557297227844,3.445295739207845,0.03648814616159293
69921.4220205612,-0.001891290498863218,3.3974498549349588,0.03656100350935465
70062.96336068379,-0.0019218808337621985,3.335732049854929,0.036635964812206996
70204.50470080638,-0.0018982616324654683,3.260371150186428,0.03671106315722492
70346.04604092898,-0.0018947423242358559,3.173992862228342,0.03678562799932517
70487.58738105156,-0.0018897800576359353,3.089460317255279,0.03686002610622157
70629.12872117416,-0.0018881293137621574,3.0227471311485044,0.036934294211122876
70770.67006129675,-0.001890033905069911,2.989679360386052,0.0370085673062889
